17;35;;;;;Nov 19, 2015 2:21:58 PM;INIT;ACCEPT;;;;;;;;0;;;0;;;0;;;0;;;;;;;;;;;;;;;;;;;;;;;
17;35;1;1;0,55;0,55;Dec 7, 2015 11:22:00 AM;OFFER;ACCEPT;1,55;1,55;0,45;0,45;;e;e1;0,25;d;d3;0,16;b;b2;0,14;c;c1;0,13;a;a1;0,32;5;4;5;3;1;3;10;4;8;5;23;88;19;92;60;8,15603;31,20567;6,73759;32,62411;21,2766
17;36;1;1;0,53;0,53;Dec 7, 2015 2:08:44 PM;COUNTEROFFER;ACCEPT;1,53;1,53;0,47;0,47;;e;e3;0,18;d;d3;0,14;b;b1;0,22;c;c2;0,16;a;a2;0,3;2;6;2;6;1;0;8;9;7;6;2;61;90;81;75;0,64725;19,7411;29,12621;26,21359;24,27184
17;35;0,92;0,92;0,65;0,65;Dec 7, 2015 3:14:39 PM;COUNTEROFFER;ACCEPT;1,57;1,57;0,27;0,27;;e;e1;0,25;d;d3;0,16;b;b2;0,14;c;c1;0,13;a;a2;0,24;5;4;6;3;2;3;10;4;8;5;23;88;19;92;60;8,15603;31,20567;6,73759;32,62411;21,2766
17;36;0,65;0,65;0,92;0,92;Dec 7, 2015 6:21:24 PM;QUESTION;ACCEPT;1,57;1,57;-0,27;-0,27;;e;e1;0,009;d;d3;0,14;b;b2;0,088;c;c1;0,1136;a;a2;0,3;2;6;5;6;1;0;8;9;7;6;2;61;90;81;75;0,64725;19,7411;29,12621;26,21359;24,27184
17;35;0,92;0,92;0,65;0,65;Dec 7, 2015 9:56:57 PM;CLARIFICATION;ACCEPT;1,57;1,57;0,27;0,27;;e;e1;0,25;d;d3;0,16;b;b2;0,14;c;c1;0,13;a;a2;0,24;5;2;5;2;2;3;10;4;8;5;23;88;19;92;60;8,15603;31,20567;6,73759;32,62411;21,2766
17;36;0,82;0,82;0,72;0,72;Dec 8, 2015 9:59:35 AM;OFFER;ACCEPT;1,54;1,54;0,1;0,1;;e;e3;0,18;d;d3;0,14;b;b2;0,088;c;c1;0,1136;a;a2;0,3;2;5;5;5;1;0;8;9;7;6;2;61;90;81;75;0,64725;19,7411;29,12621;26,21359;24,27184
17;35;0,76;0,76;0,69;0,69;Dec 8, 2015 10:22:41 AM;COUNTEROFFER;ACCEPT;1,45;1,45;0,07;0,07;;e;e2;0,09;d;d3;0,16;b;b2;0,14;c;c1;0,13;a;a2;0,24;5;3;5;2;2;3;10;4;8;5;23;88;19;92;60;8,15603;31,20567;6,73759;32,62411;21,2766
17;36;0,71;0,71;0,71;0,71;Dec 8, 2015 10:48:04 AM;COUNTEROFFER;ACCEPT;1,42;1,42;0;0;;e;e2;0,0468;d;d3;0,14;b;b3;0,1056;c;c1;0,1136;a;a2;0,3;2;6;6;5;1;0;8;9;7;6;2;61;90;81;75;0,64725;19,7411;29,12621;26,21359;24,27184
17;35;0,79;0,79;0,61;0,61;Dec 8, 2015 2:48:44 PM;COUNTEROFFER;ACCEPT;1,4;1,4;0,18;0,18;;e;e2;0,09;d;d3;0,16;b;b3;0,0896;c;c1;0,13;a;a1;0,32;5;2;5;2;2;3;10;4;8;5;23;88;19;92;60;8,15603;31,20567;6,73759;32,62411;21,2766
17;36;0,73;0,73;0,71;0,71;Dec 8, 2015 5:27:01 PM;COUNTEROFFER;ACCEPT;1,44;1,44;0,02;0,02;;e;e2;0,0468;d;d3;0,14;b;b2;0,088;c;c2;0,16;a;a2;0,3;1;6;7;6;1;0;8;9;7;6;2;61;90;81;75;0,64725;19,7411;29,12621;26,21359;24,27184
17;35;0,76;0,76;0,69;0,69;Dec 8, 2015 7:39:18 PM;COUNTEROFFER;ACCEPT;1,45;1,45;0,07;0,07;;e;e2;0,09;d;d3;0,16;b;b2;0,14;c;c1;0,13;a;a2;0,24;5;3;5;3;2;3;10;4;8;5;23;88;19;92;60;8,15603;31,20567;6,73759;32,62411;21,2766
17;36;0,69;0,69;0,76;0,76;Dec 9, 2015 8:03:41 AM;QUESTION;ACCEPT;1,45;1,45;-0,07;-0,07;;e;e2;0,0468;d;d3;0,14;b;b2;0,088;c;c1;0,1136;a;a2;0,3;1;6;6;6;1;0;8;9;7;6;2;61;90;81;75;0,64725;19,7411;29,12621;26,21359;24,27184
17;35;0,76;0,76;0,69;0,69;Dec 9, 2015 1:14:01 PM;CLARIFICATION;ACCEPT;1,45;1,45;0,07;0,07;;e;e2;0,09;d;d3;0,16;b;b2;0,14;c;c1;0,13;a;a2;0,24;6;2;5;2;2;3;10;4;8;5;23;88;19;92;60;8,15603;31,20567;6,73759;32,62411;21,2766
17;36;0,69;0,69;0,76;0,76;Dec 10, 2015 9:25:03 AM;OFFER;ACCEPT;1,45;1,45;-0,07;-0,07;;e;e2;0,0468;d;d3;0,14;b;b2;0,088;c;c1;0,1136;a;a2;0,3;1;5;6;5;1;0;8;9;7;6;2;61;90;81;75;0,64725;19,7411;29,12621;26,21359;24,27184
17;35;0,76;0,76;0,69;0,69;Dec 10, 2015 2:39:57 PM;ACCEPT;ACCEPT;1,45;1,45;0,07;0,07;15;e;e2;0,09;d;d3;0,16;b;b2;0,14;c;c1;0,13;a;a2;0,24;5;3;5;3;2;3;10;4;8;5;23;88;19;92;60;8,15603;31,20567;6,73759;32,62411;21,2766
41;83;;;;;Nov 19, 2015 2:22:33 PM;INIT;ACCEPT;;;;;;;;0;;;0;;;0;;;0;;;;;;;;;;;;;;;;;;;;;;;
41;83;1;1;0,55;0,55;Dec 7, 2015 6:09:09 AM;OFFER;ACCEPT;1,55;1,55;0,45;0,45;;e;e1;0,25;d;d3;0,16;b;b2;0,14;c;c1;0,13;a;a1;0,32;2;6;6;6;1;3;10;3;6;8;23;88;9;71;93;8,09859;30,98592;3,16901;25;32,74648
41;84;1;1;0,53;0,53;Dec 9, 2015 2:32:19 PM;COUNTEROFFER;ACCEPT;1,53;1,53;0,47;0,47;;e;e3;0,18;d;d3;0,14;b;b1;0,22;c;c2;0,16;a;a2;0,3;2;6;6;4;1;6;8;7;6;3;64;61;77;71;26;21,40468;20,40134;25,75251;23,74582;8,69565
41;83;0,82;0,82;0,71;0,71;Dec 9, 2015 3:21:08 PM;COUNTEROFFER;ACCEPT;1,53;1,53;0,11;0,11;;e;e1;0,25;d;d3;0,16;b;b3;0,0896;c;c2;0,0806;a;a2;0,24;3;5;5;5;1;3;10;3;6;8;23;88;9;71;93;8,09859;30,98592;3,16901;25;32,74648
41;84;0,89;0,89;0,62;0,62;Dec 9, 2015 7:42:10 PM;COUNTEROFFER;ACCEPT;1,51;1,51;0,27;0,27;;e;e3;0,18;d;d3;0,14;b;b3;0,1056;c;c2;0,16;a;a2;0,3;3;6;5;5;1;6;8;7;6;3;64;61;77;71;26;21,40468;20,40134;25,75251;23,74582;8,69565
41;83;0,72;0,72;0,82;0,82;Dec 9, 2015 9:10:09 PM;COUNTEROFFER;ACCEPT;1,54;1,54;-0,1;-0,1;;e;e3;0,05;d;d3;0,16;b;b2;0,14;c;c1;0,13;a;a2;0,24;2;6;6;6;1;3;10;3;6;8;23;88;9;71;93;8,09859;30,98592;3,16901;25;32,74648
41;84;0,84;0,84;0,67;0,67;Dec 10, 2015 2:47:42 PM;COUNTEROFFER;ACCEPT;1,51;1,51;0,17;0,17;;e;e3;0,18;d;d3;0,14;b;b3;0,1056;c;c1;0,1136;a;a2;0,3;3;5;5;5;1;6;8;7;6;3;64;61;77;71;26;21,40468;20,40134;25,75251;23,74582;8,69565
41;83;0,7;0,7;0,79;0,79;Dec 10, 2015 5:18:07 PM;COUNTEROFFER;ACCEPT;1,49;1,49;-0,09;-0,09;;e;e3;0,05;d;d3;0,16;b;b3;0,0896;c;c2;0,0806;a;a1;0,32;2;5;6;6;2;3;10;3;6;8;23;88;9;71;93;8,09859;30,98592;3,16901;25;32,74648
41;84;0,84;0,84;0,67;0,67;Dec 10, 2015 8:19:52 PM;COUNTEROFFER;ACCEPT;1,51;1,51;0,17;0,17;;e;e3;0,18;d;d3;0,14;b;b3;0,1056;c;c1;0,1136;a;a2;0,3;4;5;3;5;1;6;8;7;6;3;64;61;77;71;26;21,40468;20,40134;25,75251;23,74582;8,69565
41;83;0,82;0,82;0,71;0,71;Dec 10, 2015 8:38:22 PM;COUNTEROFFER;ACCEPT;1,53;1,53;0,11;0,11;;e;e1;0,25;d;d3;0,16;b;b3;0,0896;c;c2;0,0806;a;a2;0,24;2;6;6;6;2;3;10;3;6;8;23;88;9;71;93;8,09859;30,98592;3,16901;25;32,74648
41;84;0,75;0,75;0,66;0,66;Dec 11, 2015 9:37:52 AM;COUNTEROFFER;ACCEPT;1,41;1,41;0,09;0,09;;e;e2;0,0468;d;d3;0,14;b;b3;0,1056;c;c2;0,16;a;a2;0,3;4;5;5;5;1;6;8;7;6;3;64;61;77;71;26;21,40468;20,40134;25,75251;23,74582;8,69565
41;83;0,71;0,71;0,71;0,71;Dec 11, 2015 3:05:52 PM;COUNTEROFFER;ACCEPT;1,42;1,42;0;0;;e;e2;0,09;d;d3;0,16;b;b3;0,0896;c;c1;0,13;a;a2;0,24;2;6;6;6;1;3;10;3;6;8;23;88;9;71;93;8,09859;30,98592;3,16901;25;32,74648
41;84;0,71;0,71;0,71;0,71;Dec 11, 2015 3:21:32 PM;ACCEPT;ACCEPT;1,42;1,42;0;0;12;e;e2;0,0468;d;d3;0,14;b;b3;0,1056;c;c1;0,1136;a;a2;0,3;4;5;5;5;1;6;8;7;6;3;64;61;77;71;26;21,40468;20,40134;25,75251;23,74582;8,69565
59;35;;;;;Nov 19, 2015 2:22:57 PM;INIT;ACCEPT;;;;;;;;0;;;0;;;0;;;0;;;;;;;;;;;;;;;;;;;;;;;
59;35;1;1;0,55;0,55;Dec 7, 2015 9:54:45 AM;OFFER;ACCEPT;1,55;1,55;0,45;0,45;;e;e1;0,25;d;d3;0,16;b;b2;0,14;c;c1;0,13;a;a1;0,32;4;1;6;5;1;6;10;4;8;5;23;88;19;92;60;8,15603;31,20567;6,73759;32,62411;21,2766
59;84;1;0,54;0,66;0,21;Dec 7, 2015 10:27:11 AM;COUNTEROFFER;ACCEPT;1,66;0,75;0,34;0,33;;e;e3;0,18;d;d3;0,14;b;b1;0,22;c;null;0;a;null;null;5;6;3;4;1;6;8;7;6;3;64;61;77;71;26;21,40468;20,40134;25,75251;23,74582;8,69565
59;35;1;1;0,55;0,55;Dec 7, 2015 2:50:18 PM;COUNTEROFFER;ACCEPT;1,55;1,55;0,45;0,45;;e;e1;0,25;d;d3;0,16;b;b2;0,14;c;c1;0,13;a;a1;0,32;5;4;4;5;1;6;10;4;8;5;23;88;19;92;60;8,15603;31,20567;6,73759;32,62411;21,2766
59;84;1;1;0,53;0,53;Dec 7, 2015 6:22:12 PM;COUNTEROFFER;ACCEPT;1,53;1,53;0,47;0,47;;e;e3;0,18;d;d3;0,14;b;b1;0,22;c;c2;0,16;a;a2;0,3;5;6;5;5;1;6;8;7;6;3;64;61;77;71;26;21,40468;20,40134;25,75251;23,74582;8,69565
59;35;0,95;0,95;0,57;0,57;Dec 7, 2015 8:03:39 PM;COUNTEROFFER;ACCEPT;1,52;1,52;0,38;0,38;;e;e1;0,25;d;d3;0,16;b;b3;0,0896;c;c1;0,13;a;a1;0,32;3;3;5;4;2;6;10;4;8;5;23;88;19;92;60;8,15603;31,20567;6,73759;32,62411;21,2766
59;84;0,84;0,84;0,67;0,67;Dec 10, 2015 1:35:53 PM;COUNTEROFFER;ACCEPT;1,51;1,51;0,17;0,17;;e;e3;0,18;d;d3;0,14;b;b3;0,1056;c;c1;0,1136;a;a2;0,3;5;5;5;3;1;6;8;7;6;3;64;61;77;71;26;21,40468;20,40134;25,75251;23,74582;8,69565
59;35;0,86;0,86;0,68;0,68;Dec 10, 2015 2:05:19 PM;COUNTEROFFER;ACCEPT;1,54;1,54;0,18;0,18;;e;e1;0,25;d;d3;0,16;b;b1;0;c;c1;0,13;a;a1;0,32;2;5;5;6;4;6;10;4;8;5;23;88;19;92;60;8,15603;31,20567;6,73759;32,62411;21,2766
59;84;0,84;0,84;0,67;0,67;Dec 10, 2015 3:16:58 PM;COUNTEROFFER;ACCEPT;1,51;1,51;0,17;0,17;;e;e3;0,18;d;d3;0,14;b;b3;0,1056;c;c1;0,1136;a;a2;0,3;6;3;3;6;1;6;8;7;6;3;64;61;77;71;26;21,40468;20,40134;25,75251;23,74582;8,69565
59;35;0,8;0,8;0,72;0,72;Dec 10, 2015 4:13:38 PM;COUNTEROFFER;ACCEPT;1,52;1,52;0,08;0,08;;e;e3;0,05;d;d3;0,16;b;b2;0,14;c;c1;0,13;a;a1;0,32;2;5;7;6;3;6;10;4;8;5;23;88;19;92;60;8,15603;31,20567;6,73759;32,62411;21,2766
59;84;0,84;0,84;0,67;0,67;Dec 10, 2015 4:35:16 PM;COUNTEROFFER;ACCEPT;1,51;1,51;0,17;0,17;;e;e3;0,18;d;d3;0,14;b;b3;0,1056;c;c1;0,1136;a;a2;0,3;5;6;5;4;1;6;8;7;6;3;64;61;77;71;26;21,40468;20,40134;25,75251;23,74582;8,69565
59;35;0,72;0,72;0,82;0,82;Dec 10, 2015 4:39:54 PM;COUNTEROFFER;ACCEPT;1,54;1,54;-0,1;-0,1;;e;e3;0,05;d;d3;0,16;b;b2;0,14;c;c1;0,13;a;a2;0,24;4;5;7;5;3;6;10;4;8;5;23;88;19;92;60;8,15603;31,20567;6,73759;32,62411;21,2766
59;84;0,82;0,82;0,72;0,72;Dec 10, 2015 4:55:45 PM;ACCEPT;ACCEPT;1,54;1,54;0,1;0,1;12;e;e3;0,18;d;d3;0,14;b;b2;0,088;c;c1;0,1136;a;a2;0,3;6;5;3;3;1;6;8;7;6;3;64;61;77;71;26;21,40468;20,40134;25,75251;23,74582;8,69565
73;147;;;;;Nov 19, 2015 2:23:15 PM;INIT;ACCEPT;;;;;;;;0;;;0;;;0;;;0;;;;;;;;;;;;;;;;;;;;;;;
73;147;1;0,87;0,6;0,44;Dec 7, 2015 11:55:43 AM;OFFER;ACCEPT;1,6;1,31;0,4;0,43;;e;e1;0,25;d;d3;0,16;b;b2;0,14;c;null;0;a;a1;0,32;4;6;4;4;1;9;5;6;4;6;90;17;50;40;75;33,08824;6,25;18,38235;14,70588;27,57353
73;148;0,9;0,9;0,5;0,5;Dec 7, 2015 11:23:49 PM;COUNTEROFFER;ACCEPT;1,4;1,4;0,4;0,4;;e;e3;0,18;d;d3;0,14;b;b1;0,22;c;c3;0,0576;a;a2;0,3;4;5;2;5;5;7;5;5;7;6;75;17;34;81;75;26,59574;6,02837;12,05674;28,7234;26,59574
73;147;0,95;0,95;0,57;0,57;Dec 8, 2015 1:28:11 AM;COUNTEROFFER;ACCEPT;1,52;1,52;0,38;0,38;;e;e1;0,25;d;d3;0,16;b;b3;0,0896;c;c1;0,13;a;a1;0,32;6;4;4;4;1;9;5;6;4;6;90;17;50;40;75;33,08824;6,25;18,38235;14,70588;27,57353
73;148;0,76;0,76;0,54;0,54;Dec 8, 2015 3:14:00 PM;COUNTEROFFER;ACCEPT;1,3;1,3;0,22;0,22;;e;e2;0,0468;d;d3;0,14;b;b1;0,22;c;c3;0,0576;a;a2;0,3;5;4;5;4;2;7;5;5;7;6;75;17;34;81;75;26,59574;6,02837;12,05674;28,7234;26,59574
73;147;0,54;0,54;0,76;0,76;Dec 8, 2015 11:04:16 PM;QUESTION;ACCEPT;1,3;1,3;-0,22;-0,22;;e;e2;0,09;d;d3;0,16;b;b1;0;c;c3;0,0494;a;a2;0,24;3;6;6;7;1;9;5;6;4;6;90;17;50;40;75;33,08824;6,25;18,38235;14,70588;27,57353
73;148;0,76;0,76;0,54;0,54;Dec 8, 2015 11:31:39 PM;CLARIFICATION;ACCEPT;1,3;1,3;0,22;0,22;;e;e2;0,0468;d;d3;0,14;b;b1;0,22;c;c3;0,0576;a;a2;0,3;4;5;5;5;2;7;5;5;7;6;75;17;34;81;75;26,59574;6,02837;12,05674;28,7234;26,59574
73;147;0,84;0,84;0,59;0,59;Dec 9, 2015 9:31:24 AM;COUNTEROFFER;ACCEPT;1,43;1,43;0,25;0,25;;e;e2;0,09;d;d3;0,16;b;b2;0,14;c;c1;0,13;a;a1;0,32;5;5;3;6;1;9;5;6;4;6;90;17;50;40;75;33,08824;6,25;18,38235;14,70588;27,57353
73;148;0,59;0,59;0,84;0,84;Dec 9, 2015 10:10:48 AM;QUESTION;ACCEPT;1,43;1,43;-0,25;-0,25;;e;e2;0,0468;d;d3;0,14;b;b2;0,088;c;c1;0,1136;a;a1;0,201;5;5;6;3;5;7;5;5;7;6;75;17;34;81;75;26,59574;6,02837;12,05674;28,7234;26,59574
73;147;0,84;0,84;0,59;0,59;Dec 9, 2015 1:01:38 PM;CLARIFICATION;ACCEPT;1,43;1,43;0,25;0,25;;e;e2;0,09;d;d3;0,16;b;b2;0,14;c;c1;0,13;a;a1;0,32;5;4;3;5;2;9;5;6;4;6;90;17;50;40;75;33,08824;6,25;18,38235;14,70588;27,57353
73;148;0,62;0,62;0,38;0,38;Dec 9, 2015 10:54:23 PM;COUNTEROFFER;ACCEPT;1;1;0,24;0,24;;e;e2;0,0468;d;d5;0;b;b1;0,22;c;c3;0,0576;a;a2;0,3;2;6;6;6;2;7;5;5;7;6;75;17;34;81;75;26,59574;6,02837;12,05674;28,7234;26,59574
73;147;0,38;0,38;0,62;0,62;Dec 10, 2015 12:21:39 AM;QUESTION;ACCEPT;1;1;-0,24;-0,24;;e;e2;0,09;d;d5;0;b;b1;0;c;c3;0,0494;a;a2;0,24;4;6;6;5;2;9;5;6;4;6;90;17;50;40;75;33,08824;6,25;18,38235;14,70588;27,57353
73;148;0,62;0,62;0,38;0,38;Dec 10, 2015 1:19:01 AM;CLARIFICATION;ACCEPT;1;1;0,24;0,24;;e;e2;0,0468;d;d5;0;b;b1;0,22;c;c3;0,0576;a;a2;0,3;4;6;6;6;1;7;5;5;7;6;75;17;34;81;75;26,59574;6,02837;12,05674;28,7234;26,59574
73;147;0,79;0,66;0,65;0,49;Dec 10, 2015 12:01:12 PM;COUNTEROFFER;ACCEPT;1,44;1,15;0,14;0,17;;e;e2;0,09;d;d3;0,16;b;b3;0,0896;c;null;0;a;a1;0,32;3;4;7;7;1;9;5;6;4;6;90;17;50;40;75;33,08824;6,25;18,38235;14,70588;27,57353
73;148;0,87;0,49;0,76;0,49;Dec 10, 2015 2:01:45 PM;COUNTEROFFER;ACCEPT;1,63;0,98;0,11;0;;e;e2;0,0468;d;d3;0,14;b;null;0;c;null;0;a;a2;0,3;2;6;5;6;2;7;5;5;7;6;75;17;34;81;75;26,59574;6,02837;12,05674;28,7234;26,59574
73;147;0,79;0,66;0,65;0,49;Dec 10, 2015 5:09:35 PM;COUNTEROFFER;ACCEPT;1,44;1,15;0,14;0,17;;e;e2;0,09;d;d3;0,16;b;b3;0,0896;c;null;0;a;a1;0,32;5;4;6;7;2;9;5;6;4;6;90;17;50;40;75;33,08824;6,25;18,38235;14,70588;27,57353
73;148;0,87;0,49;0,76;0,49;Dec 10, 2015 5:38:24 PM;COUNTEROFFER;ACCEPT;1,63;0,98;0,11;0;;e;e2;0,0468;d;d3;0,14;b;null;0;c;null;0;a;a2;0,3;6;5;5;6;1;7;5;5;7;6;75;17;34;81;75;26,59574;6,02837;12,05674;28,7234;26,59574
73;147;0,79;0,66;0,65;0,49;Dec 10, 2015 6:24:58 PM;COUNTEROFFER;ACCEPT;1,44;1,15;0,14;0,17;;e;e2;0,09;d;d3;0,16;b;b3;0,0896;c;null;0;a;a1;0,32;4;3;5;7;3;9;5;6;4;6;90;17;50;40;75;33,08824;6,25;18,38235;14,70588;27,57353
73;148;0,87;0,49;0,76;0,49;Dec 10, 2015 6:58:25 PM;COUNTEROFFER;ACCEPT;1,63;0,98;0,11;0;;e;e2;0,0468;d;d3;0,14;b;null;0;c;null;0;a;a2;0,3;2;5;2;6;1;7;5;5;7;6;75;17;34;81;75;26,59574;6,02837;12,05674;28,7234;26,59574
73;147;0,76;0,49;0,87;0,49;Dec 10, 2015 7:34:32 PM;QUESTION;ACCEPT;1,63;0,98;-0,11;0;;e;e2;0,09;d;d3;0,16;b;null;0;c;null;0;a;a2;0,24;2;5;6;7;1;9;5;6;4;6;90;17;50;40;75;33,08824;6,25;18,38235;14,70588;27,57353
73;148;0,87;0,49;0,76;0,49;Dec 10, 2015 8:04:50 PM;CLARIFICATION;ACCEPT;1,63;0,98;0,11;0;;e;e2;0,0468;d;d3;0,14;b;null;0;c;null;0;a;a2;0,3;5;6;6;6;1;7;5;5;7;6;75;17;34;81;75;26,59574;6,02837;12,05674;28,7234;26,59574
73;147;0,76;0,49;0,87;0,49;Dec 10, 2015 8:26:20 PM;QUESTION;ACCEPT;1,63;0,98;-0,11;0;;e;e2;0,09;d;d3;0,16;b;null;0;c;null;0;a;a2;0,24;5;4;5;5;3;9;5;6;4;6;90;17;50;40;75;33,08824;6,25;18,38235;14,70588;27,57353
73;148;0,87;0,49;0,76;0,49;Dec 10, 2015 8:43:54 PM;CLARIFICATION;ACCEPT;1,63;0,98;0,11;0;;e;e2;0,0468;d;d3;0,14;b;null;0;c;null;0;a;a2;0,3;1;4;4;4;1;7;5;5;7;6;75;17;34;81;75;26,59574;6,02837;12,05674;28,7234;26,59574
73;147;0,76;0,49;0,87;0,49;Dec 10, 2015 8:52:52 PM;QUESTION;ACCEPT;1,63;0,98;-0,11;0;;e;e2;0,09;d;d3;0,16;b;null;0;c;null;0;a;a2;0,24;5;4;6;6;3;9;5;6;4;6;90;17;50;40;75;33,08824;6,25;18,38235;14,70588;27,57353
73;148;0,87;0,49;0,76;0,49;Dec 10, 2015 8:57:41 PM;CLARIFICATION;ACCEPT;1,63;0,98;0,11;0;;e;e2;0,0468;d;d3;0,14;b;null;0;c;null;0;a;a2;0,3;5;5;5;3;1;7;5;5;7;6;75;17;34;81;75;26,59574;6,02837;12,05674;28,7234;26,59574
73;147;0,71;0,71;0,71;0,71;Dec 10, 2015 9:50:49 PM;COUNTEROFFER;ACCEPT;1,42;1,42;0;0;;e;e2;0,09;d;d3;0,16;b;b3;0,0896;c;c1;0,13;a;a2;0,24;2;5;5;6;4;9;5;6;4;6;90;17;50;40;75;33,08824;6,25;18,38235;14,70588;27,57353
73;148;0,71;0,71;0,71;0,71;Dec 10, 2015 11:09:40 PM;QUESTION;ACCEPT;1,42;1,42;0;0;;e;e2;0,0468;d;d3;0,14;b;b3;0,1056;c;c1;0,1136;a;a2;0,3;6;3;3;6;1;7;5;5;7;6;75;17;34;81;75;26,59574;6,02837;12,05674;28,7234;26,59574
73;147;0,71;0,71;0,71;0,71;Dec 10, 2015 11:16:15 PM;CLARIFICATION;ACCEPT;1,42;1,42;0;0;;e;e2;0,09;d;d3;0,16;b;b3;0,0896;c;c1;0,13;a;a2;0,24;2;5;7;6;3;9;5;6;4;6;90;17;50;40;75;33,08824;6,25;18,38235;14,70588;27,57353
73;148;0,71;0,71;0,71;0,71;Dec 11, 2015 1:14:49 AM;QUESTION;ACCEPT;1,42;1,42;0;0;;e;e2;0,0468;d;d3;0,14;b;b3;0,1056;c;c1;0,1136;a;a2;0,3;5;6;5;4;1;7;5;5;7;6;75;17;34;81;75;26,59574;6,02837;12,05674;28,7234;26,59574
73;147;0,71;0,71;0,71;0,71;Dec 11, 2015 9:28:40 AM;CLARIFICATION;ACCEPT;1,42;1,42;0;0;;e;e2;0,09;d;d3;0,16;b;b3;0,0896;c;c1;0,13;a;a2;0,24;4;5;7;5;3;9;5;6;4;6;90;17;50;40;75;33,08824;6,25;18,38235;14,70588;27,57353
73;148;0,71;0,71;0,71;0,71;Dec 11, 2015 10:45:35 AM;ACCEPT;ACCEPT;1,42;1,42;0;0;30;e;e2;0,0468;d;d3;0,14;b;b3;0,1056;c;c1;0,1136;a;a2;0,3;6;5;3;3;1;7;5;5;7;6;75;17;34;81;75;26,59574;6,02837;12,05674;28,7234;26,59574
82;35;;;;;Nov 19, 2015 2:23:26 PM;INIT;REJECT;;;;;;;;0;;;0;;;0;;;0;;;;;;;;;;;;;;;;;;;;;;;
82;35;1;1;0,55;0,55;Dec 7, 2015 3:06:57 PM;OFFER;REJECT;1,55;1,55;0,45;0,45;;e;e1;0,25;d;d3;0,16;b;b2;0,14;c;c1;0,13;a;a1;0,32;5;6;5;5;1;6;8;4;8;5;23;88;19;92;60;8,15603;31,20567;6,73759;32,62411;21,2766
82;168;0,87;0,87;0,46;0,46;Dec 7, 2015 3:36:39 PM;COUNTEROFFER;REJECT;1,33;1,33;0,41;0,41;;e;e3;0,18;d;d4;0,1162;b;b1;0,22;c;c3;0,0576;a;a2;0,3;3;3;5;4;2;6;10;6;5;3;64;88;50;59;26;22,29965;30,66202;17,4216;20,55749;9,05923
82;35;0,92;0,92;0,5;0,5;Dec 8, 2015 10:42:24 PM;COUNTEROFFER;REJECT;1,42;1,42;0,42;0,42;;e;e1;0,25;d;d3;0,16;b;b2;0,14;c;c3;0,0494;a;a1;0,32;5;5;5;3;1;6;8;4;8;5;23;88;19;92;60;8,15603;31,20567;6,73759;32,62411;21,2766
82;168;0,8;0,8;0,58;0,58;Dec 9, 2015 10:25:29 AM;COUNTEROFFER;REJECT;1,38;1,38;0,22;0,22;;e;e3;0,18;d;d3;0,14;b;b1;0,22;c;c3;0,0576;a;a1;0,201;2;5;5;6;4;6;10;6;5;3;64;88;50;59;26;22,29965;30,66202;17,4216;20,55749;9,05923
82;35;0,87;0,87;0,51;0,51;Dec 9, 2015 1:11:12 PM;COUNTEROFFER;REJECT;1,38;1,38;0,36;0,36;;e;e1;0,25;d;d3;0,16;b;b3;0,0896;c;c3;0,0494;a;a1;0,32;6;3;3;6;1;6;8;4;8;5;23;88;19;92;60;8,15603;31,20567;6,73759;32,62411;21,2766
82;168;0,87;0,87;0,57;0,57;Dec 9, 2015 1:30:13 PM;COUNTEROFFER;REJECT;1,44;1,44;0,3;0,3;;e;e2;0,0468;d;d3;0,14;b;b1;0,22;c;c2;0,16;a;a2;0,3;2;5;7;6;3;6;10;6;5;3;64;88;50;59;26;22,29965;30,66202;17,4216;20,55749;9,05923
82;35;0,86;0,86;0,59;0,59;Dec 10, 2015 9:07:39 AM;COUNTEROFFER;REJECT;1,45;1,45;0,27;0,27;;e;e1;0,25;d;d4;0,12;b;b3;0,0896;c;c2;0,0806;a;a1;0,32;5;6;5;4;1;6;8;4;8;5;23;88;19;92;60;8,15603;31,20567;6,73759;32,62411;21,2766
82;168;0,82;0,82;0,62;0,62;Dec 10, 2015 11:23:03 AM;COUNTEROFFER;REJECT;1,44;1,44;0,2;0,2;;e;e2;0,0468;d;d3;0,14;b;b1;0,22;c;c1;0,1136;a;a2;0,3;4;5;7;5;3;6;10;6;5;3;64;88;50;59;26;22,29965;30,66202;17,4216;20,55749;9,05923
82;35;0,84;0,84;0,59;0,59;Dec 10, 2015 6:20:24 PM;COUNTEROFFER;REJECT;1,43;1,43;0,25;0,25;;e;e2;0,09;d;d3;0,16;b;b2;0,14;c;c1;0,13;a;a1;0,32;6;5;3;3;1;6;8;4;8;5;23;88;19;92;60;8,15603;31,20567;6,73759;32,62411;21,2766
82;168;0,59;0,59;0,84;0,84;Dec 10, 2015 7:04:20 PM;REJECT;REJECT;1,43;1,43;-0,25;-0,25;10;e;e2;0,0468;d;d3;0,14;b;b2;0,088;c;c1;0,1136;a;a1;0,201;2;2;2;1;7;6;10;6;5;3;64;88;50;59;26;22,29965;30,66202;17,4216;20,55749;9,05923
83;167;;;;;Nov 19, 2015 2:23:27 PM;INIT;REJECT;;;;;;;;0;;;0;;;0;;;0;;;;;;;;;;;;;;;;;;;;;;;
83;167;1;1;0,55;0,55;Dec 7, 2015 12:13:33 PM;OFFER;REJECT;1,55;1,55;0,45;0,45;;e;e1;0,25;d;d3;0,16;b;b2;0,14;c;c1;0,13;a;a1;0,32;7;4;2;2;1;4;12;3;7;4;36;100;9;81;42;13,43284;37,31343;3,35821;30,22388;15,67164
83;168;0,85;0,85;0,66;0,66;Dec 8, 2015 9:05:30 PM;COUNTEROFFER;REJECT;1,51;1,51;0,19;0,19;;e;e3;0,18;d;d3;0,14;b;b1;0,22;c;c1;0,1136;a;a1;0,201;3;3;4;2;1;5;11;6;5;3;51;95;50;59;26;18,14947;33,80783;17,79359;20,99644;9,25267
83;167;1;1;0,55;0,55;Dec 9, 2015 8:50:48 AM;COUNTEROFFER;REJECT;1,55;1,55;0,45;0,45;;e;e1;0,25;d;d3;0,16;b;b2;0,14;c;c1;0,13;a;a1;0,32;6;4;2;2;3;4;12;3;7;4;36;100;9;81;42;13,43284;37,31343;3,35821;30,22388;15,67164
83;168;0,85;0,85;0,66;0,66;Dec 9, 2015 10:41:37 PM;COUNTEROFFER;REJECT;1,51;1,51;0,19;0,19;;e;e3;0,18;d;d3;0,14;b;b1;0,22;c;c1;0,1136;a;a1;0,201;5;2;6;6;2;5;11;6;5;3;51;95;50;59;26;18,14947;33,80783;17,79359;20,99644;9,25267
83;167;0,86;0,86;0,68;0,68;Dec 10, 2015 12:08:09 AM;COUNTEROFFER;REJECT;1,54;1,54;0,18;0,18;;e;e1;0,25;d;d3;0,16;b;b1;0;c;c1;0,13;a;a1;0,32;7;2;2;2;4;4;12;3;7;4;36;100;9;81;42;13,43284;37,31343;3,35821;30,22388;15,67164
83;168;0,87;0,87;0,57;0,57;Dec 10, 2015 4:49:17 PM;COUNTEROFFER;REJECT;1,44;1,44;0,3;0,3;;e;e2;0,0468;d;d3;0,14;b;b1;0,22;c;c2;0,16;a;a2;0,3;3;3;6;5;2;5;11;6;5;3;51;95;50;59;26;18,14947;33,80783;17,79359;20,99644;9,25267
83;167;0,87;0,87;0,7;0,7;Dec 10, 2015 10:55:01 PM;COUNTEROFFER;REJECT;1,57;1,57;0,17;0,17;;e;e1;0,25;d;d3;0,16;b;b2;0,14;c;c2;0,0806;a;a2;0,24;6;2;2;1;4;4;12;3;7;4;36;100;9;81;42;13,43284;37,31343;3,35821;30,22388;15,67164
83;168;0,82;0,82;0,72;0,72;Dec 11, 2015 11:32:49 AM;COUNTEROFFER;REJECT;1,54;1,54;0,1;0,1;;e;e3;0,18;d;d3;0,14;b;b2;0,088;c;c1;0,1136;a;a2;0,3;5;2;6;5;6;5;11;6;5;3;51;95;50;59;26;18,14947;33,80783;17,79359;20,99644;9,25267
83;167;0,72;0,72;0,82;0,82;Dec 11, 2015 1:03:02 PM;REJECT;REJECT;1,54;1,54;-0,1;-0,1;9;e;e3;0,05;d;d3;0,16;b;b2;0,14;c;c1;0,13;a;a2;0,24;6;2;2;2;3;4;12;3;7;4;36;100;9;81;42;13,43284;37,31343;3,35821;30,22388;15,67164
96;193;;;;;Nov 19, 2015 2:23:44 PM;INIT;ACCEPT;;;;;;;;0;;;0;;;0;;;0;;;;;;;;;;;;;;;;;;;;;;;
96;193;1;1;0,55;0,55;Dec 7, 2015 9:55:34 AM;OFFER;ACCEPT;1,55;1,55;0,45;0,45;;e;e1;0,25;d;d3;0,16;b;b2;0,14;c;c1;0,13;a;a1;0,32;6;2;4;2;7;6;6;3;6;9;64;29;9;71;96;23,79182;10,78067;3,34572;26,39405;35,68773
96;194;0,7;0,4;0,45;0,13;Dec 7, 2015 5:48:43 PM;COUNTEROFFER;ACCEPT;1,15;0,53;0,25;0,27;;e;e3;0,18;d;d5;0;b;b1;0,22;c;c4;0;a;null;null;4;5;5;6;2;6;8;9;1;6;64;61;90;6;75;21,62162;20,60811;30,40541;2,02703;25,33784
96;193;0,95;0,95;0,44;0,44;Dec 7, 2015 6:21:53 PM;COUNTEROFFER;ACCEPT;1,39;1,39;0,51;0,51;;e;e1;0,25;d;d3;0,16;b;b2;0,14;c;c4;0,0806;a;a1;0,32;6;2;4;4;7;6;6;3;6;9;64;29;9;71;96;23,79182;10,78067;3,34572;26,39405;35,68773
96;194;0,86;0,86;0,37;0,37;Dec 8, 2015 3:37:01 PM;COUNTEROFFER;ACCEPT;1,23;1,23;0,49;0,49;;e;e3;0,18;d;d5;0;b;b1;0,22;c;c2;0,16;a;a2;0,3;5;4;5;5;2;6;8;9;1;6;64;61;90;6;75;21,62162;20,60811;30,40541;2,02703;25,33784
96;193;0,95;0,4;0,9;0,36;Dec 8, 2015 4:21:27 PM;COUNTEROFFER;ACCEPT;1,85;0,76;0,05;0,04;;e;null;0;d;null;0;b;null;0;c;c2;0,0806;a;a1;0,32;6;2;3;2;4;6;6;3;6;9;64;29;9;71;96;23,79182;10,78067;3,34572;26,39405;35,68773
96;194;0,95;0,59;0,72;0,42;Dec 9, 2015 8:50:09 PM;COUNTEROFFER;ACCEPT;1,67;1,01;0,23;0,17;;e;e3;0,18;d;null;0;b;null;0;c;c1;0,1136;a;a2;0,3;4;5;6;5;2;6;8;9;1;6;64;61;90;6;75;21,62162;20,60811;30,40541;2,02703;25,33784
96;193;0,75;0,75;0,74;0,74;Dec 9, 2015 9:16:29 PM;COUNTEROFFER;ACCEPT;1,49;1,49;0,01;0,01;;e;e3;0,05;d;d3;0,16;b;b3;0,0896;c;c1;0,13;a;a1;0,32;5;3;6;3;6;6;6;3;6;9;64;29;9;71;96;23,79182;10,78067;3,34572;26,39405;35,68773
96;194;1;1;0,53;0,53;Dec 9, 2015 9:46:24 PM;COUNTEROFFER;ACCEPT;1,53;1,53;0,47;0,47;;e;e3;0,18;d;d3;0,14;b;b1;0,22;c;c2;0,16;a;a2;0,3;5;4;6;4;3;6;8;9;1;6;64;61;90;6;75;21,62162;20,60811;30,40541;2,02703;25,33784
96;193;0,75;0,75;0,74;0,74;Dec 10, 2015 2:02:22 AM;COUNTEROFFER;ACCEPT;1,49;1,49;0,01;0,01;;e;e3;0,05;d;d3;0,16;b;b3;0,0896;c;c1;0,13;a;a1;0,32;5;4;6;5;7;6;6;3;6;9;64;29;9;71;96;23,79182;10,78067;3,34572;26,39405;35,68773
96;194;0,9;0,9;0,61;0,61;Dec 10, 2015 1:01:37 PM;COUNTEROFFER;ACCEPT;1,51;1,51;0,29;0,29;;e;e3;0,18;d;d3;0,14;b;b1;0,22;c;c2;0,16;a;a1;0,201;3;4;6;6;2;6;8;9;1;6;64;61;90;6;75;21,62162;20,60811;30,40541;2,02703;25,33784
96;193;0,7;0,7;0,79;0,79;Dec 10, 2015 2:27:46 PM;COUNTEROFFER;ACCEPT;1,49;1,49;-0,09;-0,09;;e;e3;0,05;d;d3;0,16;b;b3;0,0896;c;c2;0,0806;a;a1;0,32;1;6;7;6;2;6;6;3;6;9;64;29;9;71;96;23,79182;10,78067;3,34572;26,39405;35,68773
96;194;0,86;0,86;0,37;0,37;Dec 10, 2015 3:02:19 PM;COUNTEROFFER;ACCEPT;1,23;1,23;0,49;0,49;;e;e3;0,18;d;d5;0;b;b1;0,22;c;c2;0,16;a;a2;0,3;5;4;5;4;2;6;8;9;1;6;64;61;90;6;75;21,62162;20,60811;30,40541;2,02703;25,33784
96;193;0,7;0,7;0,79;0,79;Dec 10, 2015 3:12:04 PM;COUNTEROFFER;ACCEPT;1,49;1,49;-0,09;-0,09;;e;e3;0,05;d;d3;0,16;b;b3;0,0896;c;c2;0,0806;a;a1;0,32;4;3;6;5;5;6;6;3;6;9;64;29;9;71;96;23,79182;10,78067;3,34572;26,39405;35,68773
96;194;0,85;0,85;0,66;0,66;Dec 10, 2015 10:41:08 PM;COUNTEROFFER;ACCEPT;1,51;1,51;0,19;0,19;;e;e3;0,18;d;d3;0,14;b;b1;0,22;c;c1;0,1136;a;a1;0,201;4;5;7;6;2;6;8;9;1;6;64;61;90;6;75;21,62162;20,60811;30,40541;2,02703;25,33784
96;193;0,66;0,66;0,85;0,85;Dec 10, 2015 11:02:35 PM;ACCEPT;ACCEPT;1,51;1,51;-0,19;-0,19;15;e;e3;0,05;d;d3;0,16;b;b1;0;c;c1;0,13;a;a1;0,32;2;5;6;6;5;6;6;3;6;9;64;29;9;71;96;23,79182;10,78067;3,34572;26,39405;35,68773
117;235;;;;;Nov 19, 2015 2:24:12 PM;INIT;ACCEPT;;;;;;;;0;;;0;;;0;;;0;;;;;;;;;;;;;;;;;;;;;;;
117;235;1;0,45;0,85;0,31;Dec 7, 2015 2:48:34 PM;OFFER;ACCEPT;1,85;0,76;0,15;0,14;;e;null;0;d;null;0;b;null;0;c;c1;0,13;a;a1;0,32;2;4;4;6;1;5;10;5;6;4;51;88;34;71;42;17,83217;30,76923;11,88811;24,82517;14,68531
117;236;0,95;0,51;0,66;0,18;Dec 7, 2015 5:47:21 PM;COUNTEROFFER;ACCEPT;1,61;0,69;0,29;0,33;;e;e3;0,18;d;null;0;b;b1;0,22;c;c1;0,1136;a;null;null;3;3;2;3;1;5;9;5;4;7;51;75;34;40;86;17,83217;26,22378;11,88811;13,98601;30,06993
117;235;1;0,52;0,65;0,21;Dec 7, 2015 9:26:28 PM;COUNTEROFFER;ACCEPT;1,65;0,73;0,35;0,31;;e;e1;0,25;d;null;0;b;b2;0,14;c;c1;0,13;a;null;null;3;4;5;5;1;5;10;5;6;4;51;88;34;71;42;17,83217;30,76923;11,88811;24,82517;14,68531
117;236;0,95;0,51;0,66;0,18;Dec 7, 2015 10:09:38 PM;COUNTEROFFER;ACCEPT;1,61;0,69;0,29;0,33;;e;e3;0,18;d;null;0;b;b1;0,22;c;c1;0,1136;a;null;null;3;2;2;5;1;5;9;5;4;7;51;75;34;40;86;17,83217;26,22378;11,88811;13,98601;30,06993
117;235;1;0,52;0,65;0,21;Dec 7, 2015 10:54:24 PM;COUNTEROFFER;ACCEPT;1,65;0,73;0,35;0,31;;e;e1;0,25;d;null;0;b;b2;0,14;c;c1;0,13;a;null;null;3;4;6;5;1;5;10;5;6;4;51;88;34;71;42;17,83217;30,76923;11,88811;24,82517;14,68531
117;236;0,9;0,06;0,92;0,05;Dec 7, 2015 11:24:13 PM;COUNTEROFFER;ACCEPT;1,82;0,11;-0,02;0,01;;e;null;0;d;null;0;b;null;0;c;c3;0,0576;a;null;null;5;3;3;2;1;5;9;5;4;7;51;75;34;40;86;17,83217;26,22378;11,88811;13,98601;30,06993
117;235;0,9;0,42;0,71;0,27;Dec 9, 2015 12:17:02 AM;COUNTEROFFER;ACCEPT;1,61;0,69;0,19;0,15;;e;e1;0,25;d;null;0;b;b3;0,0896;c;c2;0,0806;a;null;null;2;4;5;5;1;5;10;5;6;4;51;88;34;71;42;17,83217;30,76923;11,88811;24,82517;14,68531
117;236;0,89;0,45;0,7;0,22;Dec 9, 2015 1:23:01 AM;COUNTEROFFER;ACCEPT;1,59;0,67;0,19;0,23;;e;e3;0,18;d;null;0;b;b3;0,1056;c;c2;0,16;a;null;null;5;2;3;3;1;5;9;5;4;7;51;75;34;40;86;17,83217;26,22378;11,88811;13,98601;30,06993
117;235;0,9;0,58;0,71;0,41;Dec 9, 2015 8:40:26 AM;COUNTEROFFER;ACCEPT;1,61;0,99;0,19;0,17;;e;e1;0,25;d;d3;0,16;b;b3;0,0896;c;c2;0,0806;a;null;null;3;4;5;5;1;5;10;5;6;4;51;88;34;71;42;17,83217;30,76923;11,88811;24,82517;14,68531
117;236;0,75;0,75;0,66;0,66;Dec 9, 2015 11:43:52 AM;COUNTEROFFER;ACCEPT;1,41;1,41;0,09;0,09;;e;e2;0,0468;d;d3;0,14;b;b3;0,1056;c;c2;0,16;a;a2;0,3;3;3;3;3;1;5;9;5;4;7;51;75;34;40;86;17,83217;26,22378;11,88811;13,98601;30,06993
117;235;0,75;0,75;0,74;0,74;Dec 9, 2015 5:16:41 PM;COUNTEROFFER;ACCEPT;1,49;1,49;0,01;0,01;;e;e3;0,05;d;d3;0,16;b;b3;0,0896;c;c1;0,13;a;a1;0,32;3;4;5;5;2;5;10;5;6;4;51;88;34;71;42;17,83217;30,76923;11,88811;24,82517;14,68531
117;236;0,74;0,74;0,75;0,75;Dec 9, 2015 5:40:51 PM;QUESTION;ACCEPT;1,49;1,49;-0,01;-0,01;;e;e3;0,18;d;d3;0,14;b;b3;0,1056;c;c1;0,1136;a;a1;0,201;4;3;5;4;1;5;9;5;4;7;51;75;34;40;86;17,83217;26,22378;11,88811;13,98601;30,06993
117;235;0,75;0,75;0,74;0,74;Dec 10, 2015 1:35:22 PM;CLARIFICATION;ACCEPT;1,49;1,49;0,01;0,01;;e;e3;0,05;d;d3;0,16;b;b3;0,0896;c;c1;0,13;a;a1;0,32;3;4;5;5;3;5;10;5;6;4;51;88;34;71;42;17,83217;30,76923;11,88811;24,82517;14,68531
117;236;0,74;0,74;0,75;0,75;Dec 10, 2015 2:02:10 PM;QUESTION;ACCEPT;1,49;1,49;-0,01;-0,01;;e;e3;0,18;d;d3;0,14;b;b3;0,1056;c;c1;0,1136;a;a1;0,201;3;3;5;4;1;5;9;5;4;7;51;75;34;40;86;17,83217;26,22378;11,88811;13,98601;30,06993
117;235;0,75;0,75;0,74;0,74;Dec 10, 2015 6:11:00 PM;CLARIFICATION;ACCEPT;1,49;1,49;0,01;0,01;;e;e3;0,05;d;d3;0,16;b;b3;0,0896;c;c1;0,13;a;a1;0,32;3;4;5;5;3;5;10;5;6;4;51;88;34;71;42;17,83217;30,76923;11,88811;24,82517;14,68531
117;236;0,79;0,79;0,7;0,7;Dec 10, 2015 6:44:43 PM;COUNTEROFFER;ACCEPT;1,49;1,49;0,09;0,09;;e;e3;0,18;d;d3;0,14;b;b3;0,1056;c;c2;0,16;a;a1;0,201;5;3;3;3;1;5;9;5;4;7;51;75;34;40;86;17,83217;26,22378;11,88811;13,98601;30,06993
117;235;0,7;0,7;0,79;0,79;Dec 11, 2015 2:43:46 PM;ACCEPT;ACCEPT;1,49;1,49;-0,09;-0,09;17;e;e3;0,05;d;d3;0,16;b;b3;0,0896;c;c2;0,0806;a;a1;0,32;3;4;5;5;3;5;10;5;6;4;51;88;34;71;42;17,83217;30,76923;11,88811;24,82517;14,68531
